{"name":"chasewillden_cryptocurrency-price-by-date-2013-february-2018","title":"Cryptocurrency Price by Day/Hr (2013 - 2018) (w/Bitcoin)","description":"2013-2018 Cryptocurrency data listing the price by date. Included with this is the raw JSON.\n\n# Introduction\nFor those who are new to cryptocurrencies, you may ask, what are cryptocurrencies? According to Google, a cryptocurrency is \"a digital currency in which encryption techniques are used to regulate the generation of units of currency and verify the transfer of funds, operating independently of a central bank.\"1\n\nIf you read the news or keep up on market trends, you may have heard Bitcoin. Bitcoin is a cryptocurrency. Over the past year, cryptocurrencies have become extremely popular. The graph below shows the total cryptocurrencies that have surfaced since quarter 2 of 2013. It wasn't until 2017 that the rise of cryptocurrencies have taken off.\n\n# Data\nDate Pulled: 2/09/2018 12:10pm\n\nData Pulled From: https://coinmarketcap.com\n\n# Resources\nA special thanks to [The Concept Center](https://theconceptcenter.com/simple-research-study-cryptocurrencies) for pulling the data and writing a simple research study","homepage":"https://data.world/chasewillden/cryptocurrency-price-by-date-2013-february-2018","license":"Public Domain","resources":[{"name":"all_currencies_table","schema":{"fields":[{"name":"number","title":"Number","type":"integer","rdfType":"http://www.w3.org/2001/XMLSchema#integer","dwSourceId":"number"},{"name":"name","title":"Name","type":"string","rdfType":"http://www.w3.org/2001/XMLSchema#string","dwSourceId":"name"},{"name":"symbol","title":"Symbol","type":"string","rdfType":"http://www.w3.org/2001/XMLSchema#string","dwSourceId":"symbol"},{"name":"market_cap","title":"Market Cap","type":"number","rdfType":"http://www.w3.org/2001/XMLSchema#decimal","dwSourceId":"market_cap"},{"name":"price","title":"Price","type":"number","rdfType":"http://www.w3.org/2001/XMLSchema#decimal","dwSourceId":"price"},{"name":"circulating_supply","title":"Circulating Supply","type":"number","rdfType":"http://www.w3.org/2001/XMLSchema#decimal","dwSourceId":"circulating_supply"},{"name":"volume_24hr","title":"Volume (24hr)","type":"number","rdfType":"http://www.w3.org/2001/XMLSchema#decimal","dwSourceId":"volume_24hr"},{"name":"1h","title":"1h","type":"number","rdfType":"http://www.w3.org/2001/XMLSchema#decimal","dwSourceId":"1h"},{"name":"24h","title":"24h","type":"number","rdfType":"http://www.w3.org/2001/XMLSchema#decimal","dwSourceId":"24h"},{"name":"7d","title":"7d","type":"number","rdfType":"http://www.w3.org/2001/XMLSchema#decimal","dwSourceId":"7d"}]},"path":"data/all_currencies_table.csv","format":"csv"},{"name":"cryptocurrency_prices_by_date","schema":{"fields":[{"name":"currency","title":"Currency","type":"string","rdfType":"http://www.w3.org/2001/XMLSchema#string","dwSourceId":"currency"},{"name":"date","title":"Date","description":"Unix Time","type":"integer","rdfType":"http://www.w3.org/2001/XMLSchema#integer","dwSourceId":"date"},{"name":"price","title":"Price","type":"number","rdfType":"http://www.w3.org/2001/XMLSchema#decimal","dwSourceId":"price"}]},"path":"data/cryptocurrency_prices_by_date.csv","format":"csv"},{"name":"original/All Currencies Table.csv","path":"original/All Currencies Table.csv","format":"csv","mediatype":"text/csv","bytes":112017},{"name":"original/Cryptocurrencies Raw.zip","path":"original/Cryptocurrencies Raw.zip","format":"zip","mediatype":"application/zip","bytes":20466527},{"name":"original/Cryptocurrency Prices by Date.csv","path":"original/Cryptocurrency Prices by Date.csv","format":"csv","mediatype":"text/csv","bytes":22348011}],"keywords":["cryptocurrency","economics","bitcoin"]}